{"cameraMode":{"drawMode":0,"name":"Shaded","section":"Shading Mode"},"sceneLighting":false,"audioPlay":false,"sceneViewState":{"showFog":true,"showMaterialUpdate":false,"showSkybox":false,"showFlares":true,"showImageEffects":true,"showParticleSystems":true},"in2DMode":false,"pivot":{"x":298.8446044921875,"y":114.76280212402344,"z":-646.1958618164063},"rotation":{"x":0.1889156848192215,"y":-0.1271669715642929,"z":-0.02467513084411621,"w":-0.973419725894928},"size":81.08392333984375,"orthographic":false}