{"cameraMode":{"drawMode":0,"name":"Shaded","section":"Shading Mode"},"sceneLighting":false,"audioPlay":false,"sceneViewState":{"showFog":true,"showMaterialUpdate":false,"showSkybox":false,"showFlares":true,"showImageEffects":true,"showParticleSystems":true},"in2DMode":false,"pivot":{"x":-8.970762252807618,"y":1.1555325984954835,"z":-1.84307861328125},"rotation":{"x":-0.07308056205511093,"y":0.13333185017108918,"z":-0.009858924895524979,"w":-0.988324761390686},"size":0.8660253882408142,"orthographic":false}