{"cameraMode":{"drawMode":0,"name":"Shaded","section":"Shading Mode"},"sceneLighting":true,"audioPlay":false,"sceneViewState":{"showFog":true,"showMaterialUpdate":true,"showSkybox":true,"showFlares":true,"showImageEffects":true,"showParticleSystems":true},"in2DMode":false,"pivot":{"x":-8.970762252807618,"y":2.0399999618530275,"z":3.609999656677246},"rotation":{"x":-0.13844799995422364,"y":0.45168542861938479,"z":-0.07118748128414154,"w":-0.8785243630409241},"size":10.292064666748047,"orthographic":false}