{"cameraMode":{"drawMode":0,"name":"Shaded","section":"Shading Mode"},"sceneLighting":false,"audioPlay":false,"sceneViewState":{"showFog":true,"showMaterialUpdate":true,"showSkybox":false,"showFlares":true,"showImageEffects":true,"showParticleSystems":true},"in2DMode":false,"pivot":{"x":2.9800000190734865,"y":1.5,"z":3.200000047683716},"rotation":{"x":-0.0623723641037941,"y":0.38981834053993227,"z":-0.026475118473172189,"w":-0.9184274673461914},"size":0.4330126941204071,"orthographic":false}