{"cameraMode":{"drawMode":0,"name":"Shaded","section":"Shading Mode"},"sceneLighting":false,"audioPlay":false,"sceneViewState":{"showFog":true,"showMaterialUpdate":false,"showSkybox":false,"showFlares":true,"showImageEffects":true,"showParticleSystems":true},"in2DMode":false,"pivot":{"x":-8.970762252807618,"y":1.1555325984954835,"z":-1.84307861328125},"rotation":{"x":-0.20402196049690247,"y":0.05635104328393936,"z":-0.011763869784772396,"w":-0.977279007434845},"size":1.7660253047943116,"orthographic":false}