{"cameraMode":{"drawMode":0,"name":"Shaded","section":"Shading Mode"},"sceneLighting":false,"audioPlay":false,"sceneViewState":{"showFog":true,"showMaterialUpdate":false,"showSkybox":false,"showFlares":true,"showImageEffects":true,"showParticleSystems":true},"in2DMode":false,"pivot":{"x":-10.01882553100586,"y":1.3151600360870362,"z":-1.7857146263122559},"rotation":{"x":-0.08240210264921189,"y":0.20537874102592469,"z":-0.017356105148792268,"w":-0.9750598073005676},"size":3.192014455795288,"orthographic":false}